[
 {
  "titulo": "G1 usa IA para publicar resultados das elei\u00e7\u00f5es em todos os munic\u00edpios brasileiros",
  "conteudo": "Pela primeira vez, um portal de not\u00edcias brasileiro usou intelig\u00eancia artificial para divulgar os resultados das elei\u00e7\u00f5es em todos os munic\u00edpios, de forma personalizada. O G1, da empresa Globo, publicou entre os dias 15 e 16 (dia da vota\u00e7\u00e3o e o seguinte) um texto discriminando os candidatos vencedores, seus dados p\u00fablicos, dados gerais sobre o resultado e informa\u00e7\u00f5es sobre coliga\u00e7\u00f5es pol\u00edticas, al\u00e9m de dados relevantes ao segundo turno onde \u00e9 o caso, em 5567 dos 5568 cidades do pa\u00eds \u2013 s\u00f3 ficou de fora Macap\u00e1, onde as elei\u00e7\u00f5es foram adiadas devido \u00e0 falta de energia el\u00e9trica no estado.\n\n\n\nEsta realiza\u00e7\u00e3o foi poss\u00edvel gra\u00e7as a uma colabora\u00e7\u00e3o entre a central de jornalismo e a \u00e1rea de tecnologia da empresa. O pessoal respons\u00e1vel criou nos meses anteriores \u00e0 elei\u00e7\u00e3o uma base de dados com as informa\u00e7\u00f5es relevantes coletadas do Tribunal Superior Eleitoral (TSE), adaptada para ser utilizada na etapa seguinte. Algoritmos de processamento de linguagem natural foram empregados para utilizar essas informa\u00e7\u00f5es na reda\u00e7\u00e3o de textos corridos, mantendo a coes\u00e3o e coer\u00eancia lingu\u00edstica. Como esta \u00e9 a primeira vez que a iniciativa \u00e9 realizada, os textos foram revisados e complementados, se necess\u00e1rio, antes da publica\u00e7\u00e3o no portal. O \u00faltimo resultado foi disponibilizado na segunda, \u00e0s 19h59, ap\u00f3s a finaliza\u00e7\u00e3o da apura\u00e7\u00e3o.\n\n\n\nEsta foi uma solu\u00e7\u00e3o interessante adotada pelo canal de not\u00edcias para tornar as informa\u00e7\u00f5es acess\u00edveis de uma forma mais fluida, sem que ficassem restritos \u00e0 utiliza\u00e7\u00e3o de tabelas e gr\u00e1ficos. Em textos de natureza padronizada como \u00e9 o caso, a intelig\u00eancia artificial j\u00e1 est\u00e1 suficientemente avan\u00e7ada para entregar resultados competentes e precisos.\n\n\n\nPara checar como o algoritmo da empresa se saiu na sua cidade de interesse, visite o link."
 },
 {
  "titulo": "IA do Google separa um som espec\u00edfico a partir de \u00e1udio com ru\u00eddo",
  "conteudo": "Em rela\u00e7\u00e3o \u00e0 intelig\u00eancia artificial para processamento de informa\u00e7\u00e3o que pode ser captada pelos nossos sentidos, os algoritmos desenvolvidos para processar imagens est\u00e3o num est\u00e1gio avan\u00e7ado, principalmente em compara\u00e7\u00e3o com os m\u00e9todos que focam em dados de outra natureza. Dando um passo importante no processamento de informa\u00e7\u00e3o sonora, pesquisadores do Google publicaram, no in\u00edcio do m\u00eas, um trabalho detalhando o desenvolvimento do algoritmo SoundFilter. O modelo \u00e9 capaz de separar um som espec\u00edfico a partir de \u00e1udio sujo monocanal, usando para isso uma \u00fanica amostra curta do som alvo. Este tipo de aprendizagem \u00e9 chamado de one-shot, onde o modelo tem apenas uma inst\u00e2ncia dispon\u00edvel para treinamento.\n\n\n\nO algoritmo tem a arquitetura de uma rede neural do tipo \u201conda-para-onda\u201d (wave-to-wave), que \u00e9 capaz de utilizar dados no formato de \u00e1udio n\u00e3o rotulado. Ele recebe para treinamento um clipe de \u00e1udio contendo o som limpo que se deseja obter, um clipe contendo um \u00e1udio condicionante, que cont\u00e9m som produzido pelo mesmo objeto ou atividade alvo, mas em outra circunst\u00e2ncia, e o arquivo com som misturado. A rede trabalha produzindo embeddings do som alvo atrav\u00e9s de um m\u00f3dulo encoder, e um m\u00f3dulo gerador usa os embeddings para reproduzir o som alvo a partir do \u00e1udio misturado. Os pesquisadores testaram a abordagem em dois datasets p\u00fablicos: o FSD50L, que cont\u00e9m mais de 50 mil sons, e o LibriSpeech, que cont\u00e9m cerca de 1000 horas de discursos em ingl\u00eas. O desempenho pode ser verificado no link. Os pesquisadores acham poss\u00edvel que o SoundFilter alcance um desempenho ainda melhor se treinado com acesso a mais dados (many-shot).\n\n\n\nO trabalho tem aplica\u00e7\u00e3o potencial imediata no processamento de v\u00eddeos, principalmente numa \u00e9poca onde grande parte das intera\u00e7\u00f5es entre as pessoas ocorre atrav\u00e9s da internet. A pr\u00f3pria empresa tem um algoritmo de cancelamento de barulho em opera\u00e7\u00e3o no Google Meet. Os pesquisadores ainda acreditam que os embeddings gerados pelo algoritmo podem ser usados como representa\u00e7\u00f5es em outros algoritmos classificadores de eventos sonoros, j\u00e1 que os embeddings de sons produzidos por fontes similares formam clusters em uma representa\u00e7\u00e3o cartesiana."
 },
 {
  "titulo": "Ci\u00eancia de Dados aplicada no Departamento de Marketing",
  "conteudo": "Veja nesta aula um estudo de caso sobre aplica\u00e7\u00e3o de ci\u00eancia de dados no departamento de marketing, com o objetivo de conhecer o perfil dos clientes. A aula faz parte do curso \u201cCi\u00eancia de Dados para Empresas e Neg\u00f3cios\u201d. \n\n\n\nO curso est\u00e1 dispon\u00edvel para assinantes IA Expert Academy.\n\n\n\nCurso na Udemy.\n\n\n\n\n\n"
 },
 {
  "titulo": "Israel usa IA contra segunda onda do novo coronav\u00edrus",
  "conteudo": "V\u00e1rios pa\u00edses j\u00e1 enfrentam ou se preparam para enfrentar a segunda onda de cont\u00e1gio do novo coronav\u00edrus. Israel, que \u00e9 um dos polos mundiais de startups de alta tecnologia, est\u00e1 aplicando intelig\u00eancia artificial para amenizar os impactos que esta nova onda ter\u00e1 na vida dos cidad\u00e3os. A Clalit, maior prestadora de servi\u00e7os de sa\u00fade do pa\u00eds, est\u00e1 coordenando os esfor\u00e7os para transformar as informa\u00e7\u00f5es coletadas e processadas por algoritmos em planos de a\u00e7\u00e3o acionados pela administra\u00e7\u00e3o p\u00fablica.\n\n\n\nJ\u00e1 no in\u00edcio da pandemia, o Minist\u00e9rio da Sa\u00fade disponibilizou um question\u00e1rio em formato de aplicativo para que a popula\u00e7\u00e3o pudesse se auto-diagnosticar, informando sintomas que pudessem estar relacionados \u00e0 doen\u00e7a. Al\u00e9m de fornecer informa\u00e7\u00f5es para atendimento aos usu\u00e1rios, as estat\u00edsticas coletadas tamb\u00e9m permitem identificar regi\u00f5es onde o n\u00famero de casos sintom\u00e1ticos cresce, caso em que as autoridades disponibilizam testes para confirma\u00e7\u00e3o. Desta forma, \u00e9 poss\u00edvel isolar o cont\u00e1gio com lockdowns locais, sem ter que paralisar toda a economia.\n\n\n\nOutra medida adotada foi a instala\u00e7\u00e3o de c\u00e2meras t\u00e9rmicas em hospitais, que permitem identificar os profissionais de sa\u00fade que estejam apresentando febre. Uma solu\u00e7\u00e3o ainda mais sofisticada foi implementada no Hospital Sheba, em Tel-Aviv, uma das metr\u00f3poles do pa\u00eds, que usa reconhecimento facial para localizar pessoas que entraram em contato com pacientes identificados positivamente, possibilitando sua comunica\u00e7\u00e3o imediata e coloca\u00e7\u00e3o em quarentena.\n\n\n\nDurante a primeira onda, Israel contabilizou menos de 20 mil infectados e 300 mortes, n\u00fameros considerados pequenos para a popula\u00e7\u00e3o de 9 milh\u00f5es, principalmente em compara\u00e7\u00e3o com outros pa\u00edses, o que atesta a efici\u00eancia da abordagem escolhida.\n\n\n\nAtualmente, o governo incentiva que, em caso de suspeita, o primeiro tratamento seja feito via aplicativo. Algoritmos analisam os sinais vitais que os usu\u00e1rios informam para gerar diagn\u00f3sticos prim\u00e1rios, orientando sobre os pr\u00f3ximos passos. Assim, as equipes de sa\u00fade nos hospitais podem se concentrar nos casos mais graves."
 },
 {
  "titulo": "Ci\u00eancia de Dados aplicada no Departamento de Vendas",
  "conteudo": "Veja nesta aula um estudo de caso sobre aplica\u00e7\u00e3o de ci\u00eancia de dados no departamento de vendas, com o objetivo de prever vendas futuras. A aula faz parte do curso \u201cCi\u00eancia de Dados para Empresas e Neg\u00f3cios\u201d. \n\n\n\nO curso est\u00e1 dispon\u00edvel para assinantes IA Expert Academy.\n\n\n\nCurso na Udemy.\n\n\n\n\n\n"
 },
 {
  "titulo": "AutoML: aspectos e aplica\u00e7\u00f5es",
  "conteudo": "Os algoritmos de machine learning s\u00e3o m\u00e9todos num\u00e9ricos implementados na forma de linguagem de programa\u00e7\u00e3o, para que sejam processados por computadores. Estes m\u00e9todos s\u00e3o formulados de forma que o algoritmo resolva um problema n\u00e3o atrav\u00e9s da sua modelagem matem\u00e1tica, que exigiria o conhecimento de uma equa\u00e7\u00e3o espec\u00edfica que descreve o problema, mas sim atrav\u00e9s de um modelo mais gen\u00e9rico, capaz de aproximar a equa\u00e7\u00e3o desconhecida, e que por um processo iterativo tende a convergir para uma solu\u00e7\u00e3o. Seu grande sucesso se deve ao fato de que os computadores s\u00e3o ideais para implementar estas itera\u00e7\u00f5es, j\u00e1 que elas s\u00e3o blocos de opera\u00e7\u00f5es matem\u00e1ticas mais simples que se repetem at\u00e9 que a solu\u00e7\u00e3o seja alcan\u00e7ada. Atrav\u00e9s das itera\u00e7\u00f5es, os algoritmos ajustam seus par\u00e2metros internos de forma que o modelo seja capaz de reproduzir as respostas do problema a partir dos dados de entrada. \u00c9 assim que os modelos de machine learning ganham a capacidade de fazer predi\u00e7\u00f5es em novos dados.\n\n\n\nApesar de o processo descrito acima ser automatizado, existem alguns par\u00e2metros que, via de regra, n\u00e3o podem ser ajustados de maneira autom\u00e1tica. Isto se deve principalmente ao fato de que n\u00e3o existe uma rela\u00e7\u00e3o matem\u00e1tica precisa entre estes hiperpar\u00e2metros e o desempenho do modelo, para que eles possam ser ajustados computacionalmente na dire\u00e7\u00e3o da melhor solu\u00e7\u00e3o. Al\u00e9m disso, eles costumam ser independentes entre si, de forma que diferentes combina\u00e7\u00f5es de valores de hiperpar\u00e2metros produzem resultados sem rela\u00e7\u00e3o entre si, e pode ser que a solu\u00e7\u00e3o ideal resida num espa\u00e7o bastante distante de outras solu\u00e7\u00f5es adequadas. Os hiperpar\u00e2metros, que incluem a escolha do modelo e seus ajustes espec\u00edficos, costumam ser configurados manualmente pelo desenvolvedor, que s\u00f3 vai saber sua qualidade ao final do processo de treinamento, avaliando as m\u00e9tricas de desempenho. O sucesso em sua escolha vai depender do conhecimento que o desenvolvedor tem sobre os dados com que est\u00e1 trabalhando, sua experi\u00eancia em utilizar e ajustar os diferentes algoritmos dispon\u00edveis, e ainda uma boa dose de sorte.\n\n\n\nMais recentemente, surgiram algumas bibliotecas buscando automatizar esta etapa inerentemente explorat\u00f3ria do processo de desenvolvimento de algoritmos de machine learning. Elas funcionam basicamente testando diferentes valores de hiperpar\u00e2metros e suas combina\u00e7\u00f5es, orientados por alguma heur\u00edstica que estabelece uma dire\u00e7\u00e3o para esta busca, retornando o desempenho do modelo nestas diferentes situa\u00e7\u00f5es. Se por um lado esta abordagem ignora a intui\u00e7\u00e3o do desenvolvedor na escolha dos hiperpar\u00e2metros a serem testados, por outro ela poupa tempo que o desenvolvedor gastaria escrevendo c\u00f3digo, e agora pode dispender em outras tarefas. A bem da verdade, h\u00e1 vantagens e desvantagens na sua utiliza\u00e7\u00e3o, al\u00e9m de fases espec\u00edficas de um projeto onde elas podem ser de grande utilidade.\n\n\n\nAutoML na fase inicial do projeto\n\n\n\nQuando um cientista de dados inicia um novo projeto, \u00e9 essencial desenvolver rapidamente uma ideia sobre sua viabilidade, j\u00e1 que, em uma empresa, o principal objetivo deste profissional \u00e9 entregar valor. Como a natureza dos dados come\u00e7a geralmente desconhecida, usar ferramentas de machine learning autom\u00e1tico nesta fase inicial ajuda a estabelecer uma ideia m\u00ednima sobre o custo de oportunidade do projeto. Os modelos gerados desta forma podem servir como baseline, estabelecendo o desempenho m\u00ednimo poss\u00edvel a partir do qual a empresa pode decidir se a ideia toda vale a pena, se \u00e9 sensato investir mais tempo e recursos para tentar melhorar este panorama inicial.\n\n\n\nO AutoML nesta fase inicial tamb\u00e9m ajuda a definir um cen\u00e1rio geral a ser explorado. Digamos que a abordagem revele que os melhores modelos s\u00e3o de uma determinada fam\u00edlia de m\u00e9todos num\u00e9ricos. Ent\u00e3o, \u00e9 poss\u00edvel que os processos de otimiza\u00e7\u00e3o seguintes sejam melhor sucedidos se continuarem a explora\u00e7\u00e3o neste sentido. Assim, o cientista de dados j\u00e1 pula uma fase longa do desenvolvimento, podendo focar sua aten\u00e7\u00e3o na compreens\u00e3o das tarefas mais espec\u00edficas que o m\u00e9todo de AutoML n\u00e3o \u00e9 capaz de realizar.\n\n\n\nOutra grande vantagem de recorrer a m\u00e9todos de AutoML \u00e9 quando a empresa est\u00e1 em transi\u00e7\u00e3o para ser um neg\u00f3cio orientado por dados. Nesta fase, ela ainda pode estar reticente sobre desenvolver toda uma nova \u00e1rea, estabelecer toda uma nova cultura, e o AutoML fornece uma indica\u00e7\u00e3o para responder se \u00e9 hora de tomar essa decis\u00e3o. Em muitas situa\u00e7\u00f5es, faz mais sentido reciclar um desenvolvedor interno da empresa para fazer este estudo inicial do que contratar um profissional espec\u00edfico, com conhecimento t\u00e9cnico suficiente, para obter a mesma resposta.\n\n\n\nAutoML x Cientista de dados\n\n\n\nDiante da possibilidade de otimizar modelos usando ferramentas autom\u00e1ticas, muitos se perguntam se ainda h\u00e1 espa\u00e7o para os cientistas de dados que faziam este trabalho manualmente. Mas certamente h\u00e1. O AutoML ainda \u00e9 incapaz de incorporar conhecimento que n\u00e3o seja facilmente expresso em opera\u00e7\u00f5es matem\u00e1ticas simples; ele n\u00e3o faz, por exemplo, as etapas de feature engineering e an\u00e1lise causal, n\u00e3o resolve situa\u00e7\u00f5es de data leakage, n\u00e3o considera como a escolha do modelo impacta a fase de produ\u00e7\u00e3o do projeto, e n\u00e3o incorpora aspectos relacionados ao neg\u00f3cio. Pode ser que o AutoML encontre uma solu\u00e7\u00e3o invi\u00e1vel em termos pr\u00e1ticos. \u00c9 papel do cientista de dados refinar seus resultados. De fato, a menor parte do tempo de um cientista de dados \u00e9 gasta escrevendo c\u00f3digo e desenvolvendo modelos; sua expertise est\u00e1 muito mais relacionada em como conectar o conhecimento oriundo dos dados com suas aplica\u00e7\u00f5es no mundo real.\n\n\n\nAo inv\u00e9s de um concorrente, o AutoML \u00e9 mais uma ferramenta que o cientista de dados disp\u00f5e, que automatiza uma parte mais bra\u00e7al de seu trabalho para que ele possa se concentrar nas tarefas mais complexas. Alguns de seus pontos fortes dispon\u00edveis ao cientista de dados s\u00e3o: gera\u00e7\u00e3o de baselines confi\u00e1veis e consistentes, aumento da reprodutibilidade e da robustez metodol\u00f3gica, disponibilidade de v\u00e1rias heur\u00edsticas de treinamento, e maior possibilidade de experimenta\u00e7\u00e3o.\n\n\n\nBibliotecas de AutoML\n\n\n\nA seguir apresentamos algumas das bibliotecas mais citadas atualmente. Fazendo uso da extensa cole\u00e7\u00e3o de m\u00e9todos do Scikit-Learn, temos a Auto-Sklearn e a Hyperopt-Sklearn, que fazem uma busca no espa\u00e7o de solu\u00e7\u00f5es usando otimiza\u00e7\u00e3o bayesiana. A TPOT se baseia em um pipeline que busca valores de hiperpar\u00e2metros usando uma abordagem baseada em \u00e1rvore de decis\u00e3o. A AutoKeras permite a otimiza\u00e7\u00e3o de redes neurais constru\u00eddas usando o Keras. A H2O pesquisa os melhores par\u00e2metros para modelos baseados em \u00e1rvores de decis\u00e3o e redes neurais.\n\n\n\nVia de regra, estas bibliotecas s\u00e3o extremamente f\u00e1ceis de implementar. A ideia geral \u00e9 fornecer os dados e alguns limitantes como o tempo dispon\u00edvel para rodar a otimiza\u00e7\u00e3o. Muito pr\u00e1tico, n\u00e3o?\n\n\n\nConclus\u00e3o\n\n\n\nAssim como v\u00e1rias tarefas de outras profiss\u00f5es v\u00e3o sendo substitu\u00eddas por m\u00e9todos automatizados, algumas atribui\u00e7\u00f5es do cientista de dados tamb\u00e9m s\u00e3o pass\u00edveis de passar por esta transforma\u00e7\u00e3o. Mas a ci\u00eancia de dados tem muito a ganhar com o uso das ferramentas de AutoML, explorando seus pontos fortes e deixando os profissionais livres para trabalharem em seus pontos fracos. No final do dia, o AutoML \u00e9 uma ferramenta poderosa dispon\u00edvel no arsenal do cientista de dados, mas ainda assim apenas uma ferramenta, que precisa de um operador para coordenar como esta pequena parte do trabalho vai integrar com o todo."
 },
 {
  "titulo": "Facebook apresenta novo algoritmo para detec\u00e7\u00e3o de fake news",
  "conteudo": "J\u00e1 \u00e9 de amplo reconhecimento que as redes sociais afetaram o panorama pol\u00edtico nos pa\u00edses com elei\u00e7\u00f5es. Se por um lado, as plataformas permitem a dissemina\u00e7\u00e3o de ideias e programas pol\u00edticos, permitindo uma maior divulga\u00e7\u00e3o de candidatos menos populares, por outro, agentes mal-intencionados t\u00eam usado as redes para disseminar fake news e assim manipular as elei\u00e7\u00f5es em seu favor. Em fun\u00e7\u00e3o de todo este poder, nos \u00faltimos anos tem aumentado a press\u00e3o para que empresas como Facebook e Twitter tomem medidas de forma a amenizar os efeitos nocivos que suas plataformas podem ter.\n\n\n\nEm agosto deste ano, o Facebook apresentou na Confer\u00eancia de Data Mining e Descoberta de Conhecimento (Conference on Knowledge Discovery and Data Mining \u2013 KDD) um trabalho detalhando um modelo implementado pela empresa para, como diz o t\u00edtulo do artigo, \u201cmelhorar a integridade da rede social\u201d. O modelo faz uso de uma nova abstra\u00e7\u00e3o chamada de embeddings de intera\u00e7\u00e3o temporal (Temporal Interaction EmbeddingS \u2013 TIES), que foi desenvolvida com o objetivo de reconhecer intera\u00e7\u00f5es sociais \u201crebeldes\u201d para que elas possam ser encaminhadas para tratamento individualizado.\n\n\n\nO modelo tem a estrutura de uma rede neural, treinado de forma supervisionada, e incorpora caracter\u00edsticas est\u00e1ticas e din\u00e2micas das chamadas entidades sociais. Isso quer dizer que, ao contr\u00e1rios dos m\u00e9todos anteriores que focavam em apenas um desses aspectos \u2013 por exemplo, o hist\u00f3rico de postagem ou a lista de amigos das contas -, o novo algoritmo leva ambos em considera\u00e7\u00e3o, \u201cdesmontando\u201d as intera\u00e7\u00f5es em partes como quem esteve envolvido, e o que e onde aconteceu. Isso foi poss\u00edvel gra\u00e7as \u00e0 evolu\u00e7\u00e3o recente nos dom\u00ednios de embeddings de grafos, usados para representar intera\u00e7\u00f5es em uma rede, e de aprendizagem de comportamento sequencial profunda, capaz de classificar a inten\u00e7\u00e3o de um agente atrav\u00e9s da consist\u00eancia de seu comportamento. O resultado \u00e9 uma compreens\u00e3o mais detalhada sobre a natureza da conta e das postagens, que permite um controle mais fino dos moderadores. No artigo, o Facebook demonstrou o uso da ferramenta na preven\u00e7\u00e3o da dissemina\u00e7\u00e3o de fake news e na detec\u00e7\u00e3o de contas falsas.\n\n\n\nA abordagem certamente tem suas limita\u00e7\u00f5es. Em primeiro lugar, por se tratar de um problema supervisionado, inst\u00e2ncias devem ser rotuladas por pessoal t\u00e9cnico antes do treinamento, e nem sempre \u00e9 f\u00e1cil classificar um comportamento como malicioso. Em segundo, a ferramenta apenas identifica situa\u00e7\u00f5es suspeitas, mas o plano de a\u00e7\u00e3o continua sendo delegado a um moderador, dependendo de avalia\u00e7\u00f5es de natureza bastante subjetiva. Mas h\u00e1 de se reconhecer os esfor\u00e7os da empresa em assumir responsabilidade pelo uso indevido da sua plataforma.\n\n\n\nAl\u00e9m de controlar o fluxo de informa\u00e7\u00f5es falsas, as empresas pretendem manter a confian\u00e7a em suas plataformas, para garantir que o ambiente mantenha sua percep\u00e7\u00e3o como saud\u00e1vel, construtivo e convidativo aos usu\u00e1rios."
 },
 {
  "titulo": "Ci\u00eancia de Dados no Departamento de Recursos Humanos",
  "conteudo": "Veja nesta aula um estudo de caso sobre aplica\u00e7\u00e3o de ci\u00eancia de dados no departamento de recursos humanos, com o objetivo de prever quais funcion\u00e1rios tem mais tend\u00eancia a sa\u00edrem da empresa. A aula faz parte do curso \u201cCi\u00eancia de Dados para Empresas e Neg\u00f3cios\u201d. \n\n\n\nO curso est\u00e1 dispon\u00edvel para assinantes IA Expert Academy.\n\n\n\nCurso na Udemy.\n\n\n\n\n\n"
 },
 {
  "titulo": "Novo Chromecast facilita acesso \u00e0 intelig\u00eancia artificial do sistema",
  "conteudo": "No m\u00eas passado, o Google lan\u00e7ou sua mais recente vers\u00e3o do Chromecast. O novo media center tem algumas diferen\u00e7as fundamentais das vers\u00f5es anteriores. Em primeiro lugar, ele n\u00e3o precisa mais de um smartphone para se comunicar com o usu\u00e1rio. Em segundo, ele agora acompanha um controle remoto que troca informa\u00e7\u00f5es com o dongle por bluetooth. Al\u00e9m de trazer bot\u00f5es dedicados para YouTube e Netflix, o controle remoto tamb\u00e9m tem um microfone embutido, que facilita conversar com o assistente virtual. E em terceiro, o aparelho inaugura um novo sistema operacional, o Google TV, que aposenta o Android TV e incorpora os recursos mais modernos da empresa no quesito de intelig\u00eancia artificial.\n\n\n\nAl\u00e9m de se comunicar com os principais provedores de servi\u00e7os por streaming, o Chromecast continua dando suporte a outros servi\u00e7os oferecidos pelo Google, como o Fotos. O aparelho \u00e9 capaz de reproduzir v\u00eddeos me resolu\u00e7\u00e3o 4K, HDR e Dolby Vision.\n\n\n\nO usu\u00e1rio poder\u00e1 marcar conte\u00fado acessado em seu smartphone para \u201cassistir mais tarde\u201d, que aparecer\u00e1 na sua \u00e1rea de acesso ao Google TV. O modo ambiente poder\u00e1 exibir fotos da galeria do smartphone, como j\u00e1 acontecia com o Chromecast 3, mas a configura\u00e7\u00e3o atrav\u00e9s do novo sistema operacional vai ser mais simples.\n\n\n\nA intelig\u00eancia artificial do sistema vai ajudar o usu\u00e1rio a escolher novos conte\u00fados para assistir. A grande diferen\u00e7a para os servi\u00e7os similares j\u00e1 dispon\u00edveis \u00e9 que o dispositivo n\u00e3o ficar\u00e1 restrito a apenas um provedor de conte\u00fado, aumentando a variedade das sugest\u00f5es conforme os servi\u00e7os assinados pelo usu\u00e1rio.\n\n\n\nO novo Chromecast j\u00e1 est\u00e1 sendo comercializado nos Estados Unidos por US$ 49,99. As vers\u00f5es anteriores foram lan\u00e7adas oficialmente no Brasil, mas por enquanto, a empresa n\u00e3o se pronunciou sobre uma poss\u00edvel data para o in\u00edcio das vendas aqui."
 },
 {
  "titulo": "Curso \u2013 Ci\u00eancia de Dados para Empresas e Neg\u00f3cios",
  "conteudo": "Veja nesta aula informa\u00e7\u00f5es sobre o conte\u00fado do curso \u201cCi\u00eancia de Dados para Empresas e Neg\u00f3cios\u201d. \n\n\n\nO curso est\u00e1 dispon\u00edvel para assinantes IA Expert Academy.\n\n\n\nCurso na Udemy.\n\n\n\n\n\n"
 }
]